problem,instance,algorithm,kind,language,complexity_time,expoente_empirico,r2,n_pontos
assignment,"Matriz 1 — Densa uniforme  | custo in [1,100]",Húngaro (munkres),exato,python,O(n^3),2.3586,0.9989,11
assignment,"Matriz 1 — Densa uniforme  | custo in [1,100]",Húngaro (benchaplin),exato,python,O(n^3),3.2224,0.9983,3
assignment,"Matriz 1 — Densa uniforme  | custo in [1,100]",Húngaro (hunalgorithm),exato,python,O(n^3),,,1
assignment,"Matriz 1 — Densa uniforme  | custo in [1,100]",Húngaro (mayorx/KM),exato,python,O(n^3),1.3906,0.9803,11
assignment,"Matriz 1 — Densa uniforme  | custo in [1,100]",SSP (flows),exato,python,O(n^4)*,2.7121,0.9981,6
assignment,"Matriz 1 — Densa uniforme  | custo in [1,100]",SciPy (linear_sum_assg),baseline,c,O(n^3),1.8636,0.9943,11
assignment,"Matriz 1 — Densa uniforme  | custo in [1,100]",Jonker-Volgenant (lap),baseline,c,O(n^3),1.6507,0.9874,11
assignment,Matriz 2 — Permutação barata | ótimo = n,Húngaro (munkres),exato,python,O(n^3),1.8239,0.9978,11
assignment,Matriz 2 — Permutação barata | ótimo = n,Húngaro (benchaplin),exato,python,O(n^3),1.9671,0.9987,11
assignment,Matriz 2 — Permutação barata | ótimo = n,Húngaro (hunalgorithm),exato,python,O(n^3),1.8440,0.9961,11
assignment,Matriz 2 — Permutação barata | ótimo = n,Húngaro (mayorx/KM),exato,python,O(n^3),1.1553,0.9940,11
assignment,Matriz 2 — Permutação barata | ótimo = n,SSP (flows),exato,python,O(n^4)*,2.7330,0.9979,6
assignment,Matriz 2 — Permutação barata | ótimo = n,SciPy (linear_sum_assg),baseline,c,O(n^3),1.7204,0.9929,11
assignment,Matriz 2 — Permutação barata | ótimo = n,Jonker-Volgenant (lap),baseline,c,O(n^3),1.6304,0.9878,11
assignment,Matriz 3 — Estruturada     | custo = |i-j|+1,Húngaro (munkres),exato,python,O(n^3),1.8339,0.9983,11
assignment,Matriz 3 — Estruturada     | custo = |i-j|+1,Húngaro (benchaplin),exato,python,O(n^3),1.9632,0.9987,11
assignment,Matriz 3 — Estruturada     | custo = |i-j|+1,Húngaro (hunalgorithm),exato,python,O(n^3),1.8444,0.9959,11
assignment,Matriz 3 — Estruturada     | custo = |i-j|+1,Húngaro (mayorx/KM),exato,python,O(n^3),1.1587,0.9943,11
assignment,Matriz 3 — Estruturada     | custo = |i-j|+1,SSP (flows),exato,python,O(n^4)*,2.7398,0.9980,6
assignment,Matriz 3 — Estruturada     | custo = |i-j|+1,SciPy (linear_sum_assg),baseline,c,O(n^3),1.7221,0.9938,11
assignment,Matriz 3 — Estruturada     | custo = |i-j|+1,Jonker-Volgenant (lap),baseline,c,O(n^3),1.6130,0.9843,11
