problem,algorithm,algorithm_key,kind,language,instance,n,seed,complexity_time,complexity_space,runs,time_median_ms,time_samples_ms,quality,reference_optimum,quality_ratio,status,detail
mim-pequeno,Exato (MIS conflitos),exact,exato,python,Grafo esparso (grau ~3),10,42,exp.,O(E²),5,0.164895,0.188217;0.180365;0.159395;0.164895;0.152609,2,2,1.000000,ok,
mim-pequeno,Guloso aleatório,greedy,heuristica,python,Grafo esparso (grau ~3),10,42,O(E²),O(V+E),5,0.051936,0.062910;0.051936;0.047199;0.052958;0.044573,2,2,1.000000,ok,
mim-pequeno,Guloso grau mínimo,mindeg,heuristica,python,Grafo esparso (grau ~3),10,42,O(E²),O(E²),5,0.178664,0.223711;0.187415;0.178664;0.175695;0.175018,2,2,1.000000,ok,
mim-pequeno,Exato (MIS conflitos),exact,exato,python,Grafo esparso (grau ~3),15,42,exp.,O(E²),5,0.290435,0.317340;0.292536;0.290435;0.284896;0.290145,3,3,1.000000,ok,
mim-pequeno,Guloso aleatório,greedy,heuristica,python,Grafo esparso (grau ~3),15,42,O(E²),O(V+E),5,0.054645,0.063177;0.077362;0.054645;0.052477;0.052743,2,3,0.666667,ok,
mim-pequeno,Guloso grau mínimo,mindeg,heuristica,python,Grafo esparso (grau ~3),15,42,O(E²),O(E²),5,0.363358,0.414890;0.363358;0.355329;0.369190;0.355237,3,3,1.000000,ok,
mim-pequeno,Exato (MIS conflitos),exact,exato,python,Grafo esparso (grau ~3),20,42,exp.,O(E²),5,1.494148,1.876077;1.555917;1.494148;1.459523;1.469404,5,5,1.000000,ok,
mim-pequeno,Guloso aleatório,greedy,heuristica,python,Grafo esparso (grau ~3),20,42,O(E²),O(V+E),5,0.076462,0.085200;0.078066;0.076462;0.073360;0.073066,3,5,0.600000,ok,
mim-pequeno,Guloso grau mínimo,mindeg,heuristica,python,Grafo esparso (grau ~3),20,42,O(E²),O(E²),5,0.779731,0.809094;0.786920;0.778256;0.779731;0.778084,5,5,1.000000,ok,
mim-pequeno,Exato (MIS conflitos),exact,exato,python,Grafo esparso (grau ~3),25,42,exp.,O(E²),5,1.989985,1.983976;1.931266;1.989985;2.023281;2.073976,5,5,1.000000,ok,
mim-pequeno,Guloso aleatório,greedy,heuristica,python,Grafo esparso (grau ~3),25,42,O(E²),O(V+E),5,0.128074,0.160245;0.133984;0.128074;0.127484;0.125946,3,5,0.600000,ok,
mim-pequeno,Guloso grau mínimo,mindeg,heuristica,python,Grafo esparso (grau ~3),25,42,O(E²),O(E²),5,1.470205,1.489565;1.475425;1.447039;1.470205;1.440334,5,5,1.000000,ok,
mim-pequeno,Exato (MIS conflitos),exact,exato,python,Grafo esparso (grau ~3),30,42,exp.,O(E²),5,5.101887,5.142395;5.101887;5.070416;5.206588;5.097572,8,8,1.000000,ok,
mim-pequeno,Guloso aleatório,greedy,heuristica,python,Grafo esparso (grau ~3),30,42,O(E²),O(V+E),5,0.180834,0.190605;0.180834;0.177177;0.188132;0.176005,5,8,0.625000,ok,
mim-pequeno,Guloso grau mínimo,mindeg,heuristica,python,Grafo esparso (grau ~3),30,42,O(E²),O(E²),5,1.832867,1.850941;1.832867;1.810954;1.844903;1.803985,8,8,1.000000,ok,
mim-pequeno,Exato (MIS conflitos),exact,exato,python,Grafo esparso (grau ~3),40,42,exp.,O(E²),5,74.605143,73.408161;76.309901;78.798589;72.632849;74.605143,10,10,1.000000,ok,
mim-pequeno,Guloso aleatório,greedy,heuristica,python,Grafo esparso (grau ~3),40,42,O(E²),O(V+E),5,0.290245,0.299835;0.290467;0.290245;0.288182;0.283988,7,10,0.700000,ok,
mim-pequeno,Guloso grau mínimo,mindeg,heuristica,python,Grafo esparso (grau ~3),40,42,O(E²),O(E²),5,2.782614,2.788730;2.760630;2.782614;2.833870;2.781828,10,10,1.000000,ok,
mim-pequeno,Exato (MIS conflitos),exact,exato,python,Grafo médio (grau ~6),10,42,exp.,O(E²),5,0.356862,0.380095;0.356862;0.351086;0.351053;0.359335,2,2,1.000000,ok,
mim-pequeno,Guloso aleatório,greedy,heuristica,python,Grafo médio (grau ~6),10,42,O(E²),O(V+E),5,0.057547,0.065578;0.057547;0.060596;0.053843;0.054881,1,2,0.500000,ok,
mim-pequeno,Guloso grau mínimo,mindeg,heuristica,python,Grafo médio (grau ~6),10,42,O(E²),O(E²),5,0.471872,0.485890;0.479784;0.463803;0.471872;0.461660,2,2,1.000000,ok,
mim-pequeno,Exato (MIS conflitos),exact,exato,python,Grafo médio (grau ~6),15,42,exp.,O(E²),5,1.073329,1.059800;1.046771;1.093870;1.084348;1.073329,3,3,1.000000,ok,
mim-pequeno,Guloso aleatório,greedy,heuristica,python,Grafo médio (grau ~6),15,42,O(E²),O(V+E),5,0.106606,0.115850;0.106606;0.105236;0.104154;0.110746,2,3,0.666667,ok,
mim-pequeno,Guloso grau mínimo,mindeg,heuristica,python,Grafo médio (grau ~6),15,42,O(E²),O(E²),5,1.547237,1.571117;1.545832;1.547237;1.596970;1.539849,3,3,1.000000,ok,
mim-pequeno,Exato (MIS conflitos),exact,exato,python,Grafo médio (grau ~6),20,42,exp.,O(E²),5,2.504211,2.492454;2.487545;2.504211;2.536149;2.544711,4,4,1.000000,ok,
mim-pequeno,Guloso aleatório,greedy,heuristica,python,Grafo médio (grau ~6),20,42,O(E²),O(V+E),5,0.165375,0.182551;0.168172;0.164429;0.165375;0.159968,3,4,0.750000,ok,
mim-pequeno,Guloso grau mínimo,mindeg,heuristica,python,Grafo médio (grau ~6),20,42,O(E²),O(E²),5,3.482841,3.486105;3.482841;3.521188;3.433146;3.435750,3,4,0.750000,ok,
mim-pequeno,Exato (MIS conflitos),exact,exato,python,Grafo médio (grau ~6),25,42,exp.,O(E²),5,4.554060,4.434583;4.554060;4.554575;4.560599;4.540033,4,4,1.000000,ok,
mim-pequeno,Guloso aleatório,greedy,heuristica,python,Grafo médio (grau ~6),25,42,O(E²),O(V+E),5,0.252073,0.259526;0.248191;0.246907;0.263671;0.252073,3,4,0.750000,ok,
mim-pequeno,Guloso grau mínimo,mindeg,heuristica,python,Grafo médio (grau ~6),25,42,O(E²),O(E²),5,5.501781,6.215024;5.354746;5.389994;6.190904;5.501781,4,4,1.000000,ok,
mim-pequeno,Exato (MIS conflitos),exact,exato,python,Grafo médio (grau ~6),30,42,exp.,O(E²),5,10.562269,12.765266;10.562269;10.476654;10.595628;10.527797,6,6,1.000000,ok,
mim-pequeno,Guloso aleatório,greedy,heuristica,python,Grafo médio (grau ~6),30,42,O(E²),O(V+E),5,0.278813,0.306666;0.278813;0.273202;0.272148;0.288140,5,6,0.833333,ok,
mim-pequeno,Guloso grau mínimo,mindeg,heuristica,python,Grafo médio (grau ~6),30,42,O(E²),O(E²),5,5.876062,5.938784;5.875605;5.894308;5.826511;5.876062,5,6,0.833333,ok,
mim-pequeno,Exato (MIS conflitos),exact,exato,python,Grafo médio (grau ~6),40,42,exp.,O(E²),5,132.998694,133.719229;133.963142;132.205529;132.362925;132.998694,8,8,1.000000,ok,
mim-pequeno,Guloso aleatório,greedy,heuristica,python,Grafo médio (grau ~6),40,42,O(E²),O(V+E),5,0.396599,0.407674;0.396599;0.395133;0.384832;0.418736,6,8,0.750000,ok,
mim-pequeno,Guloso grau mínimo,mindeg,heuristica,python,Grafo médio (grau ~6),40,42,O(E²),O(E²),5,11.080523,11.080523;11.207122;10.991870;11.130870;11.003054,7,8,0.875000,ok,
mim-pequeno,Exato (MIS conflitos),exact,exato,python,Grafo denso (grau ~12),10,42,exp.,O(E²),5,0.635460,0.629429;0.635460;0.610089;0.662598;0.696940,1,1,1.000000,ok,
mim-pequeno,Guloso aleatório,greedy,heuristica,python,Grafo denso (grau ~12),10,42,O(E²),O(V+E),5,0.069812,0.081252;0.073086;0.069681;0.069812;0.068757,1,1,1.000000,ok,
mim-pequeno,Guloso grau mínimo,mindeg,heuristica,python,Grafo denso (grau ~12),10,42,O(E²),O(E²),5,0.851647,0.876189;0.861647;0.848999;0.851647;0.834189,1,1,1.000000,ok,
mim-pequeno,Exato (MIS conflitos),exact,exato,python,Grafo denso (grau ~12),15,42,exp.,O(E²),5,2.822062,2.828211;2.814477;2.793270;2.822062;2.919426,2,2,1.000000,ok,
mim-pequeno,Guloso aleatório,greedy,heuristica,python,Grafo denso (grau ~12),15,42,O(E²),O(V+E),5,0.137619,0.183977;0.146902;0.137170;0.135882;0.137619,1,2,0.500000,ok,
mim-pequeno,Guloso grau mínimo,mindeg,heuristica,python,Grafo denso (grau ~12),15,42,O(E²),O(E²),5,3.999012,3.999012;4.064518;4.020784;3.898290;3.863277,2,2,1.000000,ok,
mim-pequeno,Exato (MIS conflitos),exact,exato,python,Grafo denso (grau ~12),20,42,exp.,O(E²),5,5.622862,5.887018;5.557288;5.587239;5.647052;5.622862,3,3,1.000000,ok,
mim-pequeno,Guloso aleatório,greedy,heuristica,python,Grafo denso (grau ~12),20,42,O(E²),O(V+E),5,0.203793,0.226842;0.222714;0.203793;0.200741;0.200695,1,3,0.333333,ok,
mim-pequeno,Guloso grau mínimo,mindeg,heuristica,python,Grafo denso (grau ~12),20,42,O(E²),O(E²),5,8.804992,8.819900;8.845589;8.804992;8.763351;8.735341,3,3,1.000000,ok,
mim-pequeno,Exato (MIS conflitos),exact,exato,python,Grafo denso (grau ~12),25,42,exp.,O(E²),5,9.646582,9.293461;9.653727;11.152339;9.646582;9.637314,3,3,1.000000,ok,
mim-pequeno,Guloso aleatório,greedy,heuristica,python,Grafo denso (grau ~12),25,42,O(E²),O(V+E),5,0.286070,0.304828;0.294729;0.286070;0.281379;0.280022,2,3,0.666667,ok,
mim-pequeno,Guloso grau mínimo,mindeg,heuristica,python,Grafo denso (grau ~12),25,42,O(E²),O(E²),5,14.848799,14.873736;14.719342;14.848799;14.769263;14.867262,3,3,1.000000,ok,
mim-pequeno,Exato (MIS conflitos),exact,exato,python,Grafo denso (grau ~12),30,42,exp.,O(E²),5,17.192833,17.046502;17.150905;17.192833;17.294920;17.228080,4,4,1.000000,ok,
mim-pequeno,Guloso aleatório,greedy,heuristica,python,Grafo denso (grau ~12),30,42,O(E²),O(V+E),5,0.381503,0.381503;0.422140;0.359037;0.361524;0.388165,3,4,0.750000,ok,
mim-pequeno,Guloso grau mínimo,mindeg,heuristica,python,Grafo denso (grau ~12),30,42,O(E²),O(E²),5,23.395201,23.395201;23.620323;23.478636;23.388964;23.158003,4,4,1.000000,ok,
mim-pequeno,Exato (MIS conflitos),exact,exato,python,Grafo denso (grau ~12),40,42,exp.,O(E²),5,58.296338,57.983837;65.806899;58.296338;57.614375;81.732093,5,5,1.000000,ok,
mim-pequeno,Guloso aleatório,greedy,heuristica,python,Grafo denso (grau ~12),40,42,O(E²),O(V+E),5,1.057820,0.603332;1.093429;1.124668;1.057820;1.045214,4,5,0.800000,ok,
mim-pequeno,Guloso grau mínimo,mindeg,heuristica,python,Grafo denso (grau ~12),40,42,O(E²),O(E²),5,48.810682,48.569236;48.810682;49.581317;48.723532;49.102841,5,5,1.000000,ok,
mim-grande,Guloso aleatório,greedy,heuristica,python,Grafo esparso (grau ~3),50,42,O(E²),O(V+E),5,0.471759,0.488145;0.471759;0.473465;0.464497;0.471542,10,11,0.909091,ok,
mim-grande,Guloso grau mínimo,mindeg,heuristica,python,Grafo esparso (grau ~3),50,42,O(E²),O(E²),5,4.267049,4.267049;4.227764;4.225968;4.315995;4.274013,11,11,1.000000,ok,
mim-grande,Guloso aleatório,greedy,heuristica,python,Grafo esparso (grau ~3),100,42,O(E²),O(V+E),5,1.499052,1.548556;1.491461;1.482212;1.500344;1.499052,18,25,0.720000,ok,
mim-grande,Guloso grau mínimo,mindeg,heuristica,python,Grafo esparso (grau ~3),100,42,O(E²),O(E²),5,18.482431,18.666626;18.505989;18.434301;18.377429;18.482431,25,25,1.000000,ok,
mim-grande,Guloso aleatório,greedy,heuristica,python,Grafo esparso (grau ~3),200,42,O(E²),O(V+E),5,8.275159,8.284931;8.275159;8.248854;8.354270;8.256781,41,49,0.836735,ok,
mim-grande,Guloso grau mínimo,mindeg,heuristica,python,Grafo esparso (grau ~3),200,42,O(E²),O(E²),5,85.904713,85.483763;86.020533;85.907910;85.531833;85.904713,49,49,1.000000,ok,
mim-grande,Guloso aleatório,greedy,heuristica,python,Grafo esparso (grau ~3),400,42,O(E²),O(V+E),5,27.288308,27.627201;27.231908;27.260896;27.288308;28.250391,75,93,0.806452,ok,
mim-grande,Guloso grau mínimo,mindeg,heuristica,python,Grafo esparso (grau ~3),400,42,O(E²),O(E²),5,378.364161,383.967243;378.245683;376.984540;378.364161;378.494084,93,93,1.000000,ok,
mim-grande,Guloso aleatório,greedy,heuristica,python,Grafo médio (grau ~6),50,42,O(E²),O(V+E),5,0.596993,0.616481;0.597264;0.596993;0.582854;0.586933,7,8,0.875000,ok,
mim-grande,Guloso grau mínimo,mindeg,heuristica,python,Grafo médio (grau ~6),50,42,O(E²),O(E²),5,21.077281,20.989375;20.974699;21.077281;21.185306;21.168329,8,8,1.000000,ok,
mim-grande,Guloso aleatório,greedy,heuristica,python,Grafo médio (grau ~6),100,42,O(E²),O(V+E),5,2.429764,2.459587;2.417272;2.471445;2.429764;2.416385,15,19,0.789474,ok,
mim-grande,Guloso grau mínimo,mindeg,heuristica,python,Grafo médio (grau ~6),100,42,O(E²),O(E²),5,72.773505,73.270381;72.529720;72.782655;72.773505;72.705206,19,19,1.000000,ok,
mim-grande,Guloso aleatório,greedy,heuristica,python,Grafo médio (grau ~6),200,42,O(E²),O(V+E),5,9.019733,8.979411;9.019733;9.084531;8.986184;9.060406,30,39,0.769231,ok,
mim-grande,Guloso grau mínimo,mindeg,heuristica,python,Grafo médio (grau ~6),200,42,O(E²),O(E²),5,327.124107,328.268047;325.294073;328.163132;327.124107;325.095907,39,39,1.000000,ok,
mim-grande,Guloso aleatório,greedy,heuristica,python,Grafo médio (grau ~6),400,42,O(E²),O(V+E),5,32.931611,37.747238;33.589657;32.931611;32.777164;32.918852,55,72,0.763889,ok,
mim-grande,Guloso grau mínimo,mindeg,heuristica,python,Grafo médio (grau ~6),400,42,O(E²),O(E²),5,1573.835624,1573.835624;1566.541002;1588.851478;1590.816917;1562.619290,72,72,1.000000,ok,
mim-grande,Guloso aleatório,greedy,heuristica,python,Grafo denso (grau ~12),50,42,O(E²),O(V+E),5,0.766581,0.776418;0.766581;0.742868;0.742403;0.771867,4,6,0.666667,ok,
mim-grande,Guloso grau mínimo,mindeg,heuristica,python,Grafo denso (grau ~12),50,42,O(E²),O(E²),5,74.738986,74.898626;74.738986;74.731991;74.414219;89.643921,6,6,1.000000,ok,
mim-grande,Guloso aleatório,greedy,heuristica,python,Grafo denso (grau ~12),100,42,O(E²),O(V+E),5,2.823747,2.820326;2.849653;2.808185;2.849459;2.823747,9,14,0.642857,ok,
mim-grande,Guloso grau mínimo,mindeg,heuristica,python,Grafo denso (grau ~12),100,42,O(E²),O(E²),5,326.033949,333.258038;326.033949;323.400991;324.291814;332.905578,14,14,1.000000,ok,
mim-grande,Guloso aleatório,greedy,heuristica,python,Grafo denso (grau ~12),200,42,O(E²),O(V+E),5,11.868583,11.811395;11.900982;11.759290;11.868583;12.096087,20,25,0.800000,ok,
mim-grande,Guloso grau mínimo,mindeg,heuristica,python,Grafo denso (grau ~12),200,42,O(E²),O(E²),5,1314.136702,1312.771573;1321.025422;1311.541299;1314.136702;1322.118370,25,25,1.000000,ok,
mim-grande,Guloso aleatório,greedy,heuristica,python,Grafo denso (grau ~12),400,42,O(E²),O(V+E),5,39.370962,39.296099;39.430775;39.286870;39.370962;39.736337,35,55,0.636364,ok,
mim-grande,Guloso grau mínimo,mindeg,heuristica,python,Grafo denso (grau ~12),400,42,O(E²),O(E²),5,6086.436804,6045.366486;6114.663033;6086.436804;6087.598633;6074.153768,55,55,1.000000,ok,
